Predicted function	Count
ABC transporter, ATP-binding protein	24
ABC transporter permease	16
Psort location Cytoplasmic, score	13
response regulator	7
Transcriptional regulator	6
Histidine kinase	6
Psort location CytoplasmicMembrane, score	6
Response regulator receiver domain protein	6
NDH-1 shuttles electrons from NADH, via FMN and iron- sulfur (Fe-S) centers, to quinones in the respiratory chain. The immediate electron acceptor for the enzyme in this species is believed to be a menaquinone. Couples the redox reaction to proton translocation (for every two electrons transferred, four hydrogen ions are translocated across the cytoplasmic membrane), and thus conserves the redox energy in a proton gradient	6
ROK family	5
ATPase histidine kinase DNA gyrase B HSP90 domain protein	5
Belongs to the binding-protein-dependent transport system permease family. FecCD subfamily	5
Acyltransferase	5
Transporter, major facilitator family protein	5
ABC transporter	5
Binding-protein-dependent transport system inner membrane component	5
Electron transfer flavoprotein	4
ABC transporter substrate-binding protein	4
Belongs to the bacterial solute-binding protein 9 family	4
Bacterial extracellular solute-binding protein	4
ATPases associated with a variety of cellular activities	4
Major Facilitator Superfamily	4
Acts as a transcriptional regulator. Probably redox- responsive. The apo- but not holo-form probably binds DNA	4
Belongs to the class-I aminoacyl-tRNA synthetase family	4
Component of the transport system for branched-chain amino acids	3
ABC 3 transport family	3
domain protein	3
COG2801 Transposase and inactivated derivatives	3
TraM recognition site of TraD and TraG	3
serine threonine protein kinase	3
Pyridine nucleotide-disulfide oxidoreductase	3
Belongs to the 5'-nucleotidase family	3
Efflux ABC transporter, permease protein	3
LPXTG-motif cell wall anchor domain protein	3
FHA domain protein	3
TrkA N-terminal domain protein	3
Belongs to the ABC transporter superfamily	3
transcriptional regulator, TetR family	3
Transposase and inactivated derivatives	3
Helix-turn-helix XRE-family like proteins	3
Dihydroxyacetone kinase	3
DNA helicase	3
DNA-dependent RNA polymerase catalyzes the transcription of DNA into RNA using the four ribonucleoside triphosphates as substrates	3
Integrase core domain protein	3
Serine aminopeptidase, S33	2
Belongs to the bacterial ribosomal protein bL36 family	2
DNA topoisomerase (ATP-hydrolyzing)	2
(GNAT) family	2
peptidylprolyl isomerase	2
LysM domain protein	2
NlpC P60 family protein	2
ABC transporter, solute-binding protein	2
Belongs to the class IV-like SAM-binding methyltransferase superfamily. RNA methyltransferase TrmH family	2
Catalyzes the reduction of 1-pyrroline-5-carboxylate (PCA) to L-proline	2
amino acid carrier protein	2
DNA methylase	2
Belongs to the 'phage' integrase family	2
translation initiation factor activity	2
Binds 16S rRNA, required for the assembly of 30S particles and may also be responsible for determining the conformation of the 16S rRNA at the A site	2
Catalyzes the condensation of isopentenyl diphosphate (IPP) with allylic pyrophosphates generating different type of terpenoids	2
Belongs to the binding-protein-dependent transport system permease family	2
Belongs to the class-II aminoacyl-tRNA synthetase family	2
DNA binding domain, excisionase family	2
Ribose 5-phosphate isomerase	2
Belongs to the SUA5 family	2
DEAD DEAH box helicase	2
TrkA C-terminal domain protein	2
SPFH Band 7 PHB domain protein	2
Methyltransferase	2
Part of the Sec protein translocase complex. Interacts with the SecYEG preprotein conducting channel. SecDF uses the proton motive force (PMF) to complete protein translocation after the ATP-dependent function of SecA	2
Allows the formation of correctly charged Asn-tRNA(Asn) or Gln-tRNA(Gln) through the transamidation of misacylated Asp- tRNA(Asn) or Glu-tRNA(Gln) in organisms which lack either or both of asparaginyl-tRNA or glutaminyl-tRNA synthetases. The reaction takes place in the presence of glutamine and ATP through an activated phospho-Asp-tRNA(Asn) or phospho-Glu-tRNA(Gln)	2
Belongs to the DEAD box helicase family	2
Bacterial regulatory proteins, lacI family	2
F(1)F(0) ATP synthase produces ATP from ADP in the presence of a proton or sodium gradient. F-type ATPases consist of two structural domains, F(1) containing the extramembraneous catalytic core and F(0) containing the membrane proton channel, linked together by a central stalk and a peripheral stalk. During catalysis, ATP synthesis in the catalytic domain of F(1) is coupled via a rotary mechanism of the central stalk subunits to proton translocation	2
Component of the F(0) channel, it forms part of the peripheral stalk, linking F(1) to F(0)	2
binds to the 23S rRNA	2
Thioester domain	2
Belongs to the glycosyl hydrolase 13 family	2
Hydrolase, NUDIX family	2
CobQ CobB MinD ParA nucleotide binding domain protein	2
bacterial-type flagellum organization	2
Type III restriction enzyme, res subunit	2
phosphoglycerate mutase	2
Glycerol-3-phosphate dehydrogenase	2
SNF2 family N-terminal domain	2
Transglycosylase	2
Cation transport protein	2
exodeoxyribonuclease III	2
Protein of unknown function (DUF1524)	2
Integrin alpha (beta-propellor repeats).	2
Belongs to the class I-like SAM-binding methyltransferase superfamily. RNA M5U methyltransferase family	2
HNH nucleases	2
sequence-specific DNA binding	2
Alpha amylase, catalytic domain	2
Belongs to the CDP-alcohol phosphatidyltransferase class-I family	2
Belongs to the FPP GGPP synthase family	2
Belongs to the Nudix hydrolase family	2
Cell envelope-like function transcriptional attenuator common domain protein	2
Belongs to the bacterial ribosomal protein bL28 family	2
Important for reducing fluoride concentration in the cell, thus reducing its toxicity	2
Alpha-L-fucosidase	2
Endonuclease that specifically degrades the RNA of RNA- DNA hybrids	2
Belongs to the SEDS family	2
PFAM transposase IS116 IS110 IS902 family protein	2
ABC transporter transmembrane region	2
alpha/beta hydrolase fold	2
transcriptional regulator	2
Glycosyltransferase, group 1 family protein	2
FAD dependent oxidoreductase	2
EamA-like transporter family	2
type I restriction-modification system	2
Electron transfer flavoprotein-ubiquinone oxidoreductase, 4Fe-4S	2
Transporter	2
helix_turn _helix lactose operon repressor	2
First step of the lipid cycle reactions in the biosynthesis of the cell wall peptidoglycan	2
Provides the precursors necessary for DNA synthesis. Catalyzes the biosynthesis of deoxyribonucleotides from the corresponding ribonucleotides	2
redox-active disulfide protein 2	2
UbiC transcription regulator-associated domain protein	2
Catalyzes the uptake of glycerol-3-phosphate into the cell with the simultaneous export of inorganic phosphate from the cell	2
cog cog0318	2
Kinase, PfkB family	2
ATPase activity	2
cog cog3764	2
BNR Asp-box repeat	2
Periplasmic binding protein	2
Bacterial regulatory proteins, tetR family	2
Bidirectionally degrades single-stranded DNA into large acid-insoluble oligonucleotides, which are then degraded further into small acid-soluble oligonucleotides	2
Antioxidant, AhpC TSA family	2
A type II topoisomerase that negatively supercoils closed circular double-stranded (ds) DNA in an ATP-dependent manner to modulate DNA topology and maintain chromosomes in an underwound state. Negative supercoiling favors strand separation, and DNA replication, transcription, recombination and repair, all of which involve strand separation. Also able to catalyze the interconversion of other topological isomers of dsDNA rings, including catenanes and knotted rings. Type II topoisomerases break and join 2 DNA strands simultaneously in an ATP-dependent manner	2
Belongs to the 'phage' integrase family. XerC subfamily	2
RNA methyltransferase TrmH family	2
Sugar (and other) transporter	2
Cleaves peptides in various proteins in a process that requires ATP hydrolysis. Has a chymotrypsin-like activity. Plays a major role in the degradation of misfolded proteins	2
Acetyltransferase (GNAT) domain	2
Abi-like protein	2
Peptidase, M23	2
Molybdenum cofactor synthesis domain protein	2
Type II secretion system	2
glutamine synthetase	2
CAT RNA binding domain	2
Glycosyl hydrolase family 20, catalytic domain	2
Involved in the third step of the chorismate pathway, which leads to the biosynthesis of aromatic amino acids. Catalyzes the cis-dehydration of 3-dehydroquinate (DHQ) and introduces the first double bond of the aromatic ring to yield 3- dehydroshikimate	2
AMP-binding enzyme	2
NUDIX hydrolase	2
Catalyzes the radical-mediated insertion of two sulfur atoms into the C-6 and C-8 positions of the octanoyl moiety bound to the lipoyl domains of lipoate-dependent enzymes, thereby converting the octanoylated domains into lipoylated derivatives	1
One of the early assembly proteins it binds 23S rRNA. One of the proteins that surrounds the polypeptide exit tunnel on the outside of the ribosome. Forms the main docking site for trigger factor binding to the ribosome	1
Forms part of the polypeptide exit tunnel	1
adenosine deaminase	1
anaerobic sulfatase maturase	1
One of the primary rRNA binding proteins. Required for association of the 30S and 50S subunits to form the 70S ribosome, for tRNA binding and peptide bond formation. It has been suggested to have peptidyltransferase activity	1
Arylsulfatase	1
One of the primary rRNA binding proteins, it binds directly near the 3'-end of the 23S rRNA, where it nucleates assembly of the 50S subunit	1
Involved in the binding of tRNA to the ribosomes	1
This protein promotes the GTP-dependent binding of aminoacyl-tRNA to the A-site of ribosomes during protein biosynthesis	1
negative regulation of transcription, DNA-templated	1
Major facilitator family protein	1
ATPase that binds to both the 70S ribosome and the 50S ribosomal subunit in a nucleotide-independent manner	1
tRNA cytidylyltransferase activity	1
Catalyzes the transfer of endogenously produced octanoic acid from octanoyl-acyl-carrier-protein onto the lipoyl domains of lipoate-dependent enzymes. Lipoyl-ACP can also act as a substrate although octanoyl-ACP is likely to be the physiological substrate	1
PFAM AMP-dependent synthetase and ligase	1
ferredoxin	1
Belongs to the citrate synthase family	1
Protein S19 forms a complex with S13 that binds strongly to the 16S ribosomal RNA	1
The globular domain of the protein is located near the polypeptide exit tunnel on the outside of the subunit, while an extended beta-hairpin is found that lines the wall of the exit tunnel in the center of the 70S ribosome	1
Binds the lower part of the 30S subunit head. Binds mRNA in the 70S ribosome, positioning it for translation	1
PfkB family	1
Binds 23S rRNA and is also seen to make contacts with the A and possibly P site tRNAs	1
Necessary for efficient RNA polymerase transcription elongation past template-encoded arresting sites. The arresting sites in DNA have the property of trapping a certain fraction of elongating RNA polymerases that pass through, resulting in locked ternary complexes. Cleavage of the nascent transcript by cleavage factors such as GreA or GreB allows the resumption of elongation from the new 3'terminus. GreA releases sequences of 2 to 3 nucleotides	1
One of the primary rRNA binding proteins, it binds specifically to the 5'-end of 16S ribosomal RNA	1
M18 family aminopeptidase	1
DNA glycosylase	1
Catalyzes the GTP-dependent ribosomal translocation step during translation elongation. During this step, the ribosome changes from the pre-translocational (PRE) to the post- translocational (POST) state as the newly formed A-site-bound peptidyl-tRNA and P-site-bound deacylated tRNA move to the P and E sites, respectively. Catalyzes the coordinated movement of the two tRNA molecules, the mRNA and conformational changes in the ribosome	1
Maf-like protein	1
General (non sugar-specific) component of the phosphoenolpyruvate-dependent sugar phosphotransferase system (sugar PTS). This major carbohydrate active-transport system catalyzes the phosphorylation of incoming sugar substrates concomitantly with their translocation across the cell membrane. Enzyme I transfers the phosphoryl group from phosphoenolpyruvate (PEP) to the phosphoryl carrier protein (HPr)	1
phosphocarrier, HPr family	1
Rhodanese Homology Domain	1
Belongs to the Dps family	1
Thioredoxin-like	1
Essential subunit of the Sec protein translocation channel SecYEG. Clamps together the 2 halves of SecY. May contact the channel plug during translocation	1
Cytochrome C assembly protein	1
Participates in transcription elongation, termination and antitermination	1
Phosphotransferase System	1
carboxylic ester hydrolase activity	1
Peptidase dimerisation domain	1
Hydrolase, alpha beta domain protein	1
Forms part of the ribosomal stalk which helps the ribosome interact with GTP-bound translation factors	1
Binds directly to 23S rRNA. The L1 stalk is quite mobile in the ribosome, and is involved in E site tRNA release	1
uridine kinase	1
One of the primary rRNA binding proteins, it binds directly to 16S rRNA where it nucleates assembly of the head domain of the 30S subunit. Is located at the subunit interface close to the decoding center, probably blocks exit of the E-site tRNA	1
hydratase	1
Cell wall formation	1
Required for dimerization of active 70S ribosomes into 100S ribosomes in stationary phase	1
Forms part of the ribosomal stalk, playing a central role in the interaction of the ribosome with GTP-bound translation factors	1
lactate/malate dehydrogenase, alpha/beta C-terminal domain	1
Forms part of the ribosomal stalk which helps the ribosome interact with GTP-bound translation factors. Is thus essential for accurate translation	1
ResB-like family	1
Psort location CytoplasmicMembrane, score 8.78	1
Cytochrome C biogenesis protein transmembrane region	1
Interacts with and stabilizes bases of the 16S rRNA that are involved in tRNA selection in the A site and with the mRNA backbone. Located at the interface of the 30S and 50S subunits, it traverses the body of the 30S subunit contacting proteins on the other side and probably holding the rRNA structure together. The combined cluster of proteins S8, S12 and S17 appears to hold together the shoulder and platform of the 30S subunit	1
Catalyzes the reduction of nitrite to ammonia, consuming six electrons in the process	1
Isocitrate dehydrogenase	1
competence protein	1
Aminotransferase	1
Adenylate guanylate cyclase catalytic domain protein	1
succinate dehydrogenase	1
Binds to 23S rRNA. Forms part of two intersubunit bridges in the 70S ribosome	1
MgtE intracellular domain protein	1
Dipeptidase	1
RelB antitoxin	1
radical SAM	1
Resolvase, N terminal domain	1
Belongs to the HAD-like hydrolase superfamily	1
the 2 termini fold to resemble tRNA(Ala) and it encodes a tag peptide , a short internal open reading frame. During trans-translation Ala- aminoacylated tmRNA acts like a tRNA, entering the A-site of stalled ribosomes, displacing the stalled mRNA. The ribosome then switches to translate the ORF on the tmRNA	1
Part of the ABC transporter FtsEX involved in cellular division	1
cell division ATP-binding protein FtsE	1
Peptide chain release factor 2 directs the termination of translation in response to the peptide chain termination codons UGA and UAA	1
Type II IV secretion system protein	1
UPF0056 membrane protein	1
Belongs to the peptidase M24B family	1
Binds and transfers iron-sulfur (Fe-S) clusters to target apoproteins. Can hydrolyze ATP	1
phosphorylase	1
protein secretion	1
molybdate ABC transporter, periplasmic molybdate-binding protein	1
molybdate ABC transporter, permease protein	1
ThiF family	1
Molybdenum cofactor synthesis	1
Involved in sulfur transfer in the conversion of molybdopterin precursor Z to molybdopterin	1
4Fe-4S dicluster domain	1
Dimethylsulfoxide reductase chain B	1
Belongs to the prokaryotic molybdopterin-containing oxidoreductase family	1
Part of the twin-arginine translocation (Tat) system that transports large folded proteins containing a characteristic twin-arginine motif in their signal peptide across membranes. Together with TatC, TatB is part of a receptor directly interacting with Tat signal peptides. TatB may form an oligomeric binding site that transiently accommodates folded Tat precursor proteins before their translocation	1
molybdenum cofactor guanylyltransferase activity	1
The purine nucleoside phosphorylases catalyze the phosphorolytic breakdown of the N-glycosidic bond in the beta- (deoxy)ribonucleoside molecules, with the formation of the corresponding free purine bases and pentose-1-phosphate	1
Helix-turn-helix domain	1
TipAS antibiotic-recognition domain protein	1
Cobalt transport protein	1
IMP dehydrogenase / GMP reductase domain	1
Domain of unknown function (DUF4916)	1
Pyrophosphatase that catalyzes the hydrolysis of nucleoside triphosphates to their monophosphate derivatives, with a high preference for the non-canonical purine nucleotides XTP (xanthosine triphosphate), dITP (deoxyinosine triphosphate) and ITP. Seems to function as a house-cleaning enzyme that removes non-canonical purine nucleotides from the nucleotide pool, thus preventing their incorporation into DNA RNA and avoiding chromosomal lesions	1
Phosphorolytic exoribonuclease that removes nucleotide residues following the -CCA terminus of tRNA and adds nucleotides to the ends of RNA molecules by using nucleoside diphosphates as substrates	1
Fic/DOC family	1
Provides the (R)-glutamate required for cell wall biosynthesis	1
Catalyzes the synthesis of beta-nicotinate D- ribonucleotide from nicotinate and 5-phospho-D-ribose 1-phosphate at the expense of ATP	1
Belongs to the bacterial histone-like protein family	1
NAD+ synthase (glutamine-hydrolyzing) activity	1
ABC transporter-associated repeat protein	1
Catalyzes the ferrous insertion into protoporphyrin IX	1
Involved in the import of queuosine (Q) precursors, required for Q precursor salvage	1
Nitroreductase family	1
the current gene model (or a revised gene model) may contain a frame shift	1
Flavodoxin domain	1
Catalyzes the hydrolysis of glutamine to glutamate and ammonia as part of the biosynthesis of pyridoxal 5'-phosphate. The resulting ammonia molecule is channeled to the active site of PdxS	1
Catalyzes the formation of pyridoxal 5'-phosphate from ribose 5-phosphate (RBP), glyceraldehyde 3-phosphate (G3P) and ammonia. The ammonia is provided by the PdxT subunit. Can also use ribulose 5-phosphate and dihydroxyacetone phosphate as substrates, resulting from enzyme-catalyzed isomerization of RBP and G3P, respectively	1
Belongs to the bacterial solute-binding protein 3 family	1
Methyladenine glycosylase	1
ApbE family	1
Belongs to the GHMP kinase family. GalK subfamily	1
Belongs to the NAD(P)-dependent epimerase dehydratase family	1
UDP-glucose--hexose-1-phosphate uridylyltransferase	1
Belongs to the argininosuccinate synthase family. Type 1 subfamily	1
argininosuccinate lyase	1
Plays an important role in the de novo pathway of purine nucleotide biosynthesis. Catalyzes the first committed step in the biosynthesis of AMP from IMP	1
Phosphoglucomutase phosphomannomutase, alpha beta alpha domain II	1
This enzyme scavenges exogenous and endogenous cytidine and 2'-deoxycytidine for UMP synthesis	1
One of the proteins that surrounds the polypeptide exit tunnel on the outside of the subunit	1
Located at the top of the head of the 30S subunit, it contacts several helices of the 16S rRNA. In the 70S ribosome it contacts the 23S rRNA (bridge B1a) and protein L5 of the 50S subunit (bridge B1b), connecting the 2 subunits	1
SdhA B are the catalytic subcomplex and can exhibit succinate dehydrogenase activity in the absence of SdhC D which are the membrane components and form cytochrome b556	1
Ribosomal-protein-alanine acetyltransferase	1
Universal bacterial protein YeaZ	1
Catalyzes the interconversion of L-alanine and D- alanine. May also act on other amino acids	1
Bifunctional enzyme that catalyzes the epimerization of the S- and R-forms of NAD(P)HX and the dehydration of the S-form of NAD(P)HX at the expense of ADP, which is converted to AMP. This allows the repair of both epimers of NAD(P)HX, a damaged form of NAD(P)H that is a result of enzymatic or heat-dependent hydration	1
Catalyzes the first step in hexosamine metabolism, converting fructose-6P into glucosamine-6P using glutamine as a nitrogen source	1
Pantothenic acid kinase	1
Catalyzes the conversion of glucosamine-6-phosphate to glucosamine-1-phosphate	1
Belongs to the universal ribosomal protein uS9 family	1
Formation of pseudouridine at positions 38, 39 and 40 in the anticodon stem and loop of transfer RNAs	1
Belongs to the bacterial ribosomal protein bL17 family	1
Located on the platform of the 30S subunit, it bridges several disparate RNA helices of the 16S rRNA. Forms part of the Shine-Dalgarno cleft in the 70S ribosome	1
One of the essential components for the initiation of protein synthesis. Stabilizes the binding of IF-2 and IF-3 on the 30S subunit to which N-formylmethionyl-tRNA(fMet) subsequently binds. Helps modulate mRNA selection, yielding the 30S pre- initiation complex (PIC). Upon addition of the 50S ribosomal subunit IF-1, IF-2 and IF-3 are released leaving the mature 70S translation initation complex	1
mannose-1-phosphate guanylyltransferase	1
tetR family	1
MaoC like domain	1
Crotonobetainyl-CoA carnitine CoA-transferase	1
crotonobetainyl-CoA dehydrogenase	1
Removes the N-terminal methionine from nascent proteins. The N-terminal methionine is often cleaved when the second residue in the primary sequence is small and uncharged (Met-Ala-, Cys, Gly, Pro, Ser, Thr, or Val). Requires deformylation of the N(alpha)-formylated initiator methionine before it can be hydrolyzed	1
Catalyzes the reversible transfer of the terminal phosphate group between ATP and AMP. Plays an important role in cellular energy homeostasis and in adenine nucleotide metabolism	1
The central subunit of the protein translocation channel SecYEG. Consists of two halves formed by TMs 1-5 and 6-10. These two domains form a lateral gate at the front which open onto the bilayer between TMs 2 and 7, and are clamped together by SecE at the back. The channel is closed by both a pore ring composed of hydrophobic SecY resides and a short helix (helix 2A) on the extracellular side of the membrane which forms a plug. The plug probably moves laterally to allow the channel to open. The ring and the pore may move independently	1
50S ribosomal protein L30	1
Located at the back of the 30S subunit body where it stabilizes the conformation of the head with respect to the body	1
This is one of the proteins that binds and probably mediates the attachment of the 5S RNA into the large ribosomal subunit, where it forms part of the central protuberance	1
This protein binds to the 23S rRNA, and is important in its secondary structure. It is located near the subunit interface in the base of the L7 L12 stalk, and near the tRNA binding site of the peptidyltransferase center	1
One of the primary rRNA binding proteins, it binds directly to 16S rRNA central domain where it helps coordinate assembly of the platform of the 30S subunit	1
Ppx GppA phosphatase family	1
16S rRNA (adenine(1518)-N(6)/adenine(1519)-N(6))-dimethyltransferase activity	1
Binds to Cpn60 in the presence of Mg-ATP and suppresses the ATPase activity of the latter	1
Catalyzes the conversion of inosine 5'-phosphate (IMP) to xanthosine 5'-phosphate (XMP), the first committed and rate- limiting step in the de novo synthesis of guanine nucleotides, and therefore plays an important role in the regulation of cell growth	1
Catalyzes the oxidation of 5,10- methylenetetrahydrofolate to 5,10-methenyltetrahydrofolate and then the hydrolysis of 5,10-methenyltetrahydrofolate to 10- formyltetrahydrofolate	1
Catalyzes the reversible interconversion of serine and glycine with tetrahydrofolate (THF) serving as the one-carbon carrier. This reaction serves as the major source of one-carbon groups required for the biosynthesis of purines, thymidylate, methionine, and other important biomolecules. Also exhibits THF- independent aldolase activity toward beta-hydroxyamino acids, producing glycine and aldehydes, via a retro-aldol mechanism	1
Phosphomethylpyrimidine kinase	1
Condenses 4-methyl-5-(beta-hydroxyethyl)thiazole monophosphate (THZ-P) and 2-methyl-4-amino-5-hydroxymethyl pyrimidine pyrophosphate (HMP-PP) to form thiamine monophosphate (TMP)	1
Catalyzes the phosphorylation of the hydroxyl group of 4-methyl-5-beta-hydroxyethylthiazole (THZ)	1
regulator	1
positive regulation of macromolecule biosynthetic process	1
Catalyzes the reversible oxidation of malate to oxaloacetate	1
Belongs to the GPI family	1
Psort location Extracellular, score	1
Catalyzes the phosphorylation of D-fructose 6-phosphate to fructose 1,6-bisphosphate by ATP, the first committing step of glycolysis	1
beta-galactosidase	1
Succinyl-CoA synthetase functions in the citric acid cycle (TCA), coupling the hydrolysis of succinyl-CoA to the synthesis of either ATP or GTP and thus represents the only step of substrate-level phosphorylation in the TCA. The alpha subunit of the enzyme binds the substrates coenzyme A and phosphate, while succinate binding and nucleotide specificity is provided by the beta subunit	1
Succinyl-CoA synthetase functions in the citric acid cycle (TCA), coupling the hydrolysis of succinyl-CoA to the synthesis of either ATP or GTP and thus represents the only step of substrate-level phosphorylation in the TCA. The beta subunit provides nucleotide specificity of the enzyme and binds the substrate succinate, while the binding sites for coenzyme A and phosphate are found in the alpha subunit	1
L-valine transmembrane transporter activity	1
Catalyzes the synthesis of GMP from XMP	1
Pfam:DUF955	1
RNA pseudouridylate synthase	1
phosphate acetyltransferase	1
Catalyzes the formation of acetyl phosphate from acetate and ATP. Can also catalyze the reverse reaction	1
nuclear chromosome segregation	1
Involved in the TCA cycle. Catalyzes the stereospecific interconversion of fumarate to L-malate	1
IMP dehydrogenase	1
DNA polymerase III subunit epsilon	1
Alkyl hydroperoxide reductase	1
Peptidyl-prolyl cis-trans isomerase	1
Confers DNA tethering and processivity to DNA polymerases and other proteins. Acts as a clamp, forming a ring around DNA (a reaction catalyzed by the clamp-loading complex) which diffuses in an ATP-independent manner freely and bidirectionally along dsDNA. Initially characterized for its ability to contact the catalytic subunit of DNA polymerase III (Pol III), a complex, multichain enzyme responsible for most of the replicative synthesis in bacteria	1
Catalyzes the reversible conversion of 2- phosphoglycerate into phosphoenolpyruvate. It is essential for the degradation of carbohydrates via glycolysis	1
Glycosyl hydrolase 101 beta sandwich domain	1
ATPase (AAA superfamily	1
Endonuclease/Exonuclease/phosphatase family	1
Tellurite resistance protein TehB	1
ATP synthase	1
Amidohydrolase family	1
Peptidase, M23 family	1
ABC superfamily ATP binding cassette transporter ABC protein	1
Protein-tyrosine phosphatase	1
DNA-binding transcription factor activity	1
recombinase activity	1
Catalyzes the deamination of adenosine to inosine at the wobble position 34 of tRNA(Arg2)	1
Pfam Major Facilitator Superfamily	1
Penicillin-binding protein, transpeptidase domain protein	1
Part of the ABC transporter complex PstSACB involved in phosphate import. Responsible for energy coupling to the transport system	1
NADH-quinone oxidoreductase subunit L	1
Facilitates transcription termination by a mechanism that involves Rho binding to the nascent RNA, activation of Rho's RNA-dependent ATPase activity, and release of the mRNA from the DNA template	1
Alpha-amylase domain	1
Catalyzes the conversion of 1-hydroxy-2-methyl-2-(E)- butenyl 4-diphosphate (HMBPP) into a mixture of isopentenyl diphosphate (IPP) and dimethylallyl diphosphate (DMAPP). Acts in the terminal step of the DOXP MEP pathway for isoprenoid precursor biosynthesis	1
Belongs to the purine-cytosine permease (2.A.39) family	1
Involved in the cellular defense against the biological effects of O6-methylguanine (O6-MeG) and O4-methylthymine (O4-MeT) in DNA. Repairs the methylated nucleobase in DNA by stoichiometrically transferring the methyl group to a cysteine residue in the enzyme. This is a suicide reaction the enzyme is irreversibly inactivated	1
IF-3 binds to the 30S ribosomal subunit and shifts the equilibrum between 70S ribosomes and their 50S and 30S subunits in favor of the free subunits, thus enhancing the availability of 30S subunits on which protein synthesis initiation begins	1
Belongs to the helicase family. UvrD subfamily	1
Participates in initiation and elongation during chromosome replication	1
LssY C-terminus	1
Involved in the biosynthesis of isopentenyl diphosphate (IPP) and dimethylallyl diphosphate (DMAPP), two major building blocks of isoprenoid compounds. Catalyzes the conversion of 4- diphosphocytidyl-2-C-methyl-D-erythritol 2-phosphate (CDP-ME2P) to 2-C-methyl-D-erythritol 2,4-cyclodiphosphate (ME-CPP) with a corresponding release of cytidine 5-monophosphate (CMP)	1
This is 1 of the proteins that binds and probably mediates the attachment of the 5S RNA into the large ribosomal subunit, where it forms part of the central protuberance. In the 70S ribosome it contacts protein S13 of the 30S subunit (bridge B1b), connecting the 2 subunits	1
This protein is one of the early assembly proteins of the 50S ribosomal subunit, although it is not seen to bind rRNA by itself. It is important during the early stages of 50S assembly	1
Molybdenum cofactor biosynthesis protein	1
Prokaryotic ubiquitin-like protein ligase	1
COG1961 Site-specific recombinases, DNA invertase Pin homologs	1
Catalyzes the cyclization of GTP to (8S)-3',8-cyclo-7,8- dihydroguanosine 5'-triphosphate	1
Required for the formation of a threonylcarbamoyl group on adenosine at position 37 (t(6)A37) in tRNAs that read codons beginning with adenine. Is involved in the transfer of the threonylcarbamoyl moiety of threonylcarbamoyl-AMP (TC-AMP) to the N6 group of A37, together with TsaE and TsaB. TsaD likely plays a direct catalytic role in this reaction	1
VanW-like protein	1
CAAX protease self-immunity	1
Involved in the biosynthesis of the central metabolite phospho-alpha-D-ribosyl-1-pyrophosphate (PRPP) via the transfer of pyrophosphoryl group from ATP to 1-hydroxyl of ribose-5-phosphate (Rib-5-P)	1
Catalyzes the last two sequential reactions in the de novo biosynthetic pathway for UDP-N-acetylglucosamine (UDP- GlcNAc). The C-terminal domain catalyzes the transfer of acetyl group from acetyl coenzyme A to glucosamine-1-phosphate (GlcN-1-P) to produce N-acetylglucosamine-1-phosphate (GlcNAc-1-P), which is converted into UDP-GlcNAc by the transfer of uridine 5- monophosphate (from uridine 5-triphosphate), a reaction catalyzed by the N-terminal domain	1
SAF	1
Cold-shock DNA-binding domain protein	1
Domain of unknown function (DUF4032)	1
xanthine permease	1
L-fucose H symporter permease	1
Alpha beta hydrolase	1
it binds specifically double-stranded DNA at a 9 bp consensus (dnaA box) 5'-TTATC CA A CA A-3'. DnaA binds to ATP and to acidic phospholipids	1
Catalyzes the pyruvoyl-dependent decarboxylation of aspartate to produce beta-alanine	1
Belongs to the enoyl-CoA hydratase isomerase family. MenB subfamily	1
GDSL-like Lipase/Acylhydrolase family	1
Represses a number of genes involved in the response to DNA damage (SOS response), including recA and lexA. In the presence of single-stranded DNA, RecA interacts with LexA causing an autocatalytic cleavage which disrupts the DNA-binding part of LexA, leading to derepression of the SOS regulon and eventually DNA repair	1
The UvrABC repair system catalyzes the recognition and processing of DNA lesions. UvrA is an ATPase and a DNA-binding protein. A damage recognition complex composed of 2 UvrA and 2 UvrB subunits scans DNA for abnormalities. When the presence of a lesion has been verified by UvrB, the UvrA molecules dissociate	1
The transhydrogenation between NADH and NADP is coupled to respiration and ATP hydrolysis and functions as a proton pump across the membrane	1
STAS domain	1
Recombinase zinc beta ribbon domain	1
Belongs to the metallo-dependent hydrolases superfamily. DHOase family. Class I DHOase subfamily	1
Responsible for synthesis of pseudouridine from uracil- 55 in the psi GC loop of transfer RNAs	1
Belongs to the transketolase family	1
SNF2 family N-terminal domain protein	1
Peptidase dimerization domain protein	1
Belongs to the lyase 1 family. Adenylosuccinate lyase subfamily	1
Catalyzes a reversible aldol reaction between acetaldehyde and D-glyceraldehyde 3-phosphate to generate 2-deoxy- D-ribose 5-phosphate	1
Has an important function as a repair enzyme for proteins that have been inactivated by oxidation. Catalyzes the reversible oxidation-reduction of methionine sulfoxide in proteins to methionine	1
Type IV secretory system Conjugative DNA transfer	1
anaerobic ribonucleoside-triphosphate reductase activating protein	1
Involved in cell division	1
DNA ligase that catalyzes the formation of phosphodiester linkages between 5'-phosphoryl and 3'-hydroxyl groups in double-stranded DNA using NAD as a coenzyme and as the energy source for the reaction. It is essential for DNA replication and repair of damaged DNA	1
Involved in cell wall formation. Catalyzes the final step in the synthesis of UDP-N-acetylmuramoyl-pentapeptide, the precursor of murein	1
Phosphorylase is an important allosteric enzyme in carbohydrate metabolism. Enzymes from different sources differ in their regulatory mechanisms and in their natural substrates. However, all known phosphorylases share catalytic and structural properties	1
Catalyzes the removal of elemental sulfur and selenium atoms from L-cysteine, L-cystine, L-selenocysteine, and L- selenocystine to produce L-alanine	1
Membrane alanyl aminopeptidase	1
Protein of unknown function (DUF448)	1
Amino acid permease	1
Glycosyltransferase like family 2	1
Tail protein	1
Part of the twin-arginine translocation (Tat) system that transports large folded proteins containing a characteristic twin-arginine motif in their signal peptide across membranes. Together with TatB, TatC is part of a receptor directly interacting with Tat signal peptides	1
GTPase that plays an essential role in the late steps of ribosome biogenesis	1
NapC/NirT cytochrome c family, N-terminal region	1
Transcriptional regulator, GntR family	1
Belongs to the bacterial ribosomal protein bS16 family	1
Sigma factors are initiation factors that promote the attachment of RNA polymerase to specific initiation sites and are then released. This sigma factor is the primary sigma factor during exponential growth	1
Belongs to the DapA family	1
PFAM Type I restriction modification DNA specificity domain	1
Belongs to the formate--tetrahydrofolate ligase family	1
L-lactate permease	1
Peptidoglycan-binding domain 1 protein	1
CAMP factor (Cfa)	1
Alpha amylase, catalytic domain protein	1
GTP-binding protein TypA	1
Aldose 1-epimerase	1
Catalyzes the transfer of a dimethylallyl group onto the adenine at position 37 in tRNAs that read codons beginning with uridine, leading to the formation of N6-(dimethylallyl)adenosine (i(6)A)	1
Belongs to the FtsK SpoIIIE SftA family	1
Glycine radical domain protein	1
Peptide chain release factor 1 directs the termination of translation in response to the peptide chain termination codons UAG and UAA	1
phosphate transport regulator	1
This protein specifically catalyzes the removal of signal peptides from prolipoproteins	1
C4-dicarboxylate transporter malic acid transport protein	1
Type ii secretion system	1
PFAM Transposase DDE domain	1
Relaxase/Mobilisation nuclease domain	1
Required for disulfide bond formation in some periplasmic proteins. Acts by transferring its disulfide bond to other proteins and is reduced in the process	1
Septum formation initiator	1
Transfers the fatty acyl group on membrane lipoproteins	1
Presumably involved in the processing and regular turnover of intracellular proteins. Catalyzes the removal of unsubstituted N-terminal amino acids from various peptides	1
Belongs to the universal ribosomal protein uL29 family	1
S1 RNA binding domain protein	1
Cna protein B-type domain	1
Catalyzes the hydrolysis of 10-formyltetrahydrofolate (formyl-FH4) to formate and tetrahydrofolate (FH4)	1
Domain of unknown function (DUF1727)	1
O-succinylbenzoic acid--CoA ligase	1
In addition to polymerase activity, this DNA polymerase exhibits 5'-3' exonuclease activity	1
Catalyzes the anti-1,4-elimination of the C-3 phosphate and the C-6 proR hydrogen from 5-enolpyruvylshikimate-3-phosphate (EPSP) to yield chorismate, which is the branch point compound that serves as the starting substrate for the three terminal pathways of aromatic amino acid biosynthesis. This reaction introduces a second double bond into the aromatic ring system	1
Couples transcription and DNA repair by recognizing RNA polymerase (RNAP) stalled at DNA lesions. Mediates ATP-dependent release of RNAP and its truncated transcript from the DNA, and recruitment of nucleotide excision repair machinery to the damaged site	1
Catalyzes the formation of 4-diphosphocytidyl-2-C- methyl-D-erythritol from CTP and 2-C-methyl-D-erythritol 4- phosphate (MEP)	1
TPM domain	1
PspA IM30 family protein	1
Prevents misfolding and promotes the refolding and proper assembly of unfolded polypeptides generated under stress conditions	1
Excises uracil residues from the DNA which can arise as a result of misincorporation of dUMP residues by DNA polymerase or due to deamination of cytosine	1
Catalyzes the cleavage of 2-amino-3-ketobutyrate to glycine and acetyl-CoA	1
L-threonine 3-dehydrogenase	1
Kinase domain protein	1
May play a role in DNA repair. It seems to be involved in an RecBC-independent recombinational process of DNA repair. It may act with RecF and RecO	1
DNA polymerase III is a complex, multichain enzyme responsible for most of the replicative synthesis in bacteria. This DNA polymerase also exhibits 3' to 5' exonuclease activity	1
Permease	1
Catalyzes the attachment of glutamate to tRNA(Glu) in a two-step reaction glutamate is first activated by ATP to form Glu-AMP and then transferred to the acceptor end of tRNA(Glu)	1
CarD family transcriptional regulator	1
DNA repair enzyme that has both DNA N-glycosylase activity and AP-lyase activity. The DNA N-glycosylase activity releases various damaged pyrimidines from DNA by cleaving the N- glycosidic bond, leaving an AP (apurinic apyrimidinic) site. The AP-lyase activity cleaves the phosphodiester bond 3' to the AP site by a beta-elimination, leaving a 3'-terminal unsaturated sugar and a product with a terminal 5'-phosphate	1
Plays a role in the regulation of phosphate uptake	1
Catalyzes the interconversion of 2-phosphoglycerate and 3-phosphoglycerate	1
Cellulose biosynthesis protein BcsQ	1
lytic transglycosylase activity	1
AAA-like domain	1
TAP-like protein	1
DNA polymerase III	1
Phosphorylation of dTMP to form dTDP in both de novo and salvage pathways of dTTP synthesis	1
Releases the supercoiling and torsional tension of DNA, which is introduced during the DNA replication and transcription, by transiently cleaving and rejoining one strand of the DNA duplex. Introduces a single-strand break via transesterification at a target site in duplex DNA. The scissile phosphodiester is attacked by the catalytic tyrosine of the enzyme, resulting in the formation of a DNA-(5'-phosphotyrosyl)-enzyme intermediate and the expulsion of a 3'-OH DNA strand. The free DNA strand then undergoes passage around the unbroken strand, thus removing DNA supercoils. Finally, in the religation step, the DNA 3'-OH attacks the covalent intermediate to expel the active-site tyrosine and restore the DNA phosphodiester backbone	1
Ribonucleoside-triphosphate reductase	1
helicase	1
mannose-6-phosphate isomerase	1
repressor	1
Belongs to the universal stress protein A family	1
Channel that opens in response to stretch forces in the membrane lipid bilayer. May participate in the regulation of osmotic pressure changes within the cell	1
The natural substrate for this enzyme may be peptidyl- tRNAs which drop off the ribosome during protein synthesis	1
This is one of the proteins that binds to the 5S RNA in the ribosome where it forms part of the central protuberance	1
Specifically methylates the adenine in position 37 of tRNA(1)(Val) (anticodon cmo5UAC)	1
Belongs to the peptidase S14 family	1
PFAM regulatory protein, ArsR	1
Low molecular weight phosphotyrosine protein phosphatase	1
Pfam PF03596	1
Resolvase, N-terminal domain protein	1
Antitoxin component of a toxin-antitoxin (TA) module	1
Belongs to the N(4) N(6)-methyltransferase family	1
Catalyzes the phosphorylation of the position 2 hydroxy group of 4-diphosphocytidyl-2C-methyl-D-erythritol	1
PTS system, glucose subfamily, IIA component	1
Phosphotransferase system, EIIC	1
Specifically dimethylates two adjacent adenosines (A1518 and A1519) in the loop of a conserved hairpin near the 3'-end of 16S rRNA in the 30S particle. May play a critical role in biogenesis of 30S subunits	1
cell wall binding repeat	1
hydrolase, TatD family	1
Is required not only for elongation of protein synthesis but also for the initiation of all mRNA translation through initiator tRNA(fMet) aminoacylation	1
Isochorismatase family	1
PFAM MMPL domain protein	1
Catalyzes the 2'-O-methylation of the ribose of cytidine 1402 (C1402) in 16S rRNA	1
Abc-2 type transporter	1
Specifically methylates the guanine in position 1835 (m2G1835) of 23S rRNA	1
Belongs to the 5-formyltetrahydrofolate cyclo-ligase family	1
Helicase secretion neighborhood ATPase	1
Crp Fnr family transcriptional regulator	1
Aspartyl-tRNA synthetase with relaxed tRNA specificity since it is able to aspartylate not only its cognate tRNA(Asp) but also tRNA(Asn). Reaction proceeds in two steps L-aspartate is first activated by ATP to form Asp-AMP and then transferred to the acceptor end of tRNA(Asp Asn)	1
glutamate:sodium symporter activity	1
tRNA adenylyltransferase	1
Conserved repeat domain	1
Belongs to the class-II pyridine nucleotide-disulfide oxidoreductase family	1
Aminotransferase, class I II	1
Belongs to the ParB family	1
Specifically methylates the N7 position of guanine in position 518 of 16S rRNA	1
Membrane protein insertase, YidC Oxa1 family	1
ribonuclease P activity	1
Belongs to the bacterial ribosomal protein bL34 family	1
ArsR family transcriptional regulator	1
1,3-beta-galactosyl-N-acetylhexosamine phosphorylase	1
Alpha mannosidase, middle domain	1
endoribonuclease L-PSP	1
PPIases accelerate the folding of proteins. It catalyzes the cis-trans isomerization of proline imidic peptide bonds in oligopeptides	1
PLD-like domain	1
Sterol carrier protein	1
cog cog1253	1
cog cog4626	1
Converts 2C-methyl-D-erythritol 2,4-cyclodiphosphate (ME-2,4cPP) into 1-hydroxy-2-methyl-2-(E)-butenyl 4-diphosphate	1
Involved in mRNA degradation. Catalyzes the phosphorolysis of single-stranded polyribonucleotides processively in the 3'- to 5'-direction	1
Negatively regulates transcription of bacterial ribonucleotide reductase nrd genes and operons by binding to NrdR- boxes	1
RNA polymerase that catalyzes the synthesis of short RNA molecules used as primers for DNA polymerase during DNA replication	1
ABC-type Fe3 -citrate transport system, periplasmic component	1
Catalyzes the attachment of threonine to tRNA(Thr) in a two-step reaction L-threonine is first activated by ATP to form Thr-AMP and then transferred to the acceptor end of tRNA(Thr)	1
Binds together with S18 to 16S ribosomal RNA	1
Single-stranded DNA-binding protein	1
Binds as a heterodimer with protein S6 to the central domain of the 16S rRNA, where it helps stabilize the platform of the 30S subunit	1
Glycosyl hydrolase family 85	1
Catalyzes the phosphorylation of ribose at O-5 in a reaction requiring ATP and magnesium. The resulting D-ribose-5- phosphate can then be used either for sythesis of nucleotides, histidine, and tryptophan, or as a component of the pentose phosphate pathway	1
Regulator	1
SdrD B-like domain	1
E1-E2 ATPase	1
Removes the formyl group from the N-terminal Met of newly synthesized proteins. Requires at least a dipeptide for an efficient rate of reaction. N-terminal L-methionine is a prerequisite for activity but the enzyme has broad specificity at other positions	1
Acyltransferase family	1
Catalyzes the conversion of uracil and 5-phospho-alpha- D-ribose 1-diphosphate (PRPP) to UMP and diphosphate	1
Glycosyltransferase, group 2 family	1
diacylglycerol kinase catalytic domain protein	1
Catalyzes the attachment of serine to tRNA(Ser). Is also able to aminoacylate tRNA(Sec) with serine, to form the misacylated tRNA L-seryl-tRNA(Sec), which will be further converted into selenocysteinyl-tRNA(Sec)	1
arylsulfatase activity	1
CRISPR system CASCADE complex protein CasC	1
CRISPR-associated helicase cas3	1
CRISPR (clustered regularly interspaced short palindromic repeat), is an adaptive immune system that provides protection against mobile genetic elements (viruses, transposable elements and conjugative plasmids). CRISPR clusters contain spacers, sequences complementary to antecedent mobile elements, and target invading nucleic acids. CRISPR clusters are transcribed and processed into CRISPR RNA (crRNA). Acts as a dsDNA endonuclease. Involved in the integration of spacer DNA into the CRISPR cassette	1
helix_turn_helix gluconate operon transcriptional repressor	1
Belongs to the major facilitator superfamily. Sugar transporter (TC 2.A.1.1) family	1
DASS family	1
ATP-dependent helicase	1
Transcriptional regulator, TetR family	1
Catalyzes the base-exchange of a guanine (G) residue with the queuine precursor 7-aminomethyl-7-deazaguanine (PreQ1) at position 34 (anticodon wobble position) in tRNAs with GU(N) anticodons (tRNA-Asp, -Asn, -His and -Tyr). Catalysis occurs through a double-displacement mechanism. The nucleophile active site attacks the C1' of nucleotide 34 to detach the guanine base from the RNA, forming a covalent enzyme-RNA intermediate. The proton acceptor active site deprotonates the incoming PreQ1, allowing a nucleophilic attack on the C1' of the ribose to form the product. After dissociation, two additional enzymatic reactions on the tRNA convert PreQ1 to queuine (Q), resulting in the hypermodified nucleoside queuosine (7-(((4,5-cis-dihydroxy-2- cyclopenten-1-yl)amino)methyl)-7-deazaguanosine)	1
Domain of unknown function (DUF4862)	1
DsbA-like protein	1
MATE efflux family protein	1
FAH family	1
Negative regulator of class I heat shock genes (grpE- dnaK-dnaJ and groELS operons). Prevents heat-shock induction of these operons	1
Peptidase family M3	1
Glucuronate isomerase	1
it plays a direct role in the translocation of protons across the membrane	1
Produces ATP from ADP in the presence of a proton gradient across the membrane. The alpha chain is a regulatory subunit	1
Produces ATP from ADP in the presence of a proton gradient across the membrane. The gamma chain is believed to be important in regulating ATPase activity and the flow of protons through the CF(0) complex	1
Produces ATP from ADP in the presence of a proton gradient across the membrane. The catalytic sites are hosted primarily by the beta subunits	1
Cleaves both 3' and 5' ssDNA extremities of branched DNA structures	1
Thioredoxin	1
Catalyzes the formation of the alpha-1,6-glucosidic linkages in glycogen by scission of a 1,4-alpha-linked oligosaccharide from growing alpha-1,4-glucan chains and the subsequent attachment of the oligosaccharide to the alpha-1,6 position	1
protein, probably involved in trehalose biosynthesis	1
Maltosyltransferase that uses maltose 1-phosphate (M1P) as the sugar donor to elongate linear or branched alpha-(1- 4)- glucans. Is involved in a branched alpha-glucan biosynthetic pathway from trehalose, together with TreS, Mak and GlgB	1
UBA ThiF-type NAD FAD binding protein	1
Belongs to the peptidase S16 family	1
transcriptional regulator PadR family	1
FtsX-like permease family	1
Putative FMN-binding domain	1
Key enzyme in folate metabolism. Catalyzes an essential reaction for de novo glycine and purine synthesis, and for DNA precursor synthesis	1
Catalyzes the reductive methylation of 2'-deoxyuridine- 5'-monophosphate (dUMP) to 2'-deoxythymidine-5'-monophosphate (dTMP) while utilizing 5,10-methylenetetrahydrofolate (mTHF) as the methyl donor and reductant in the reaction, yielding dihydrofolate (DHF) as a by-product. This enzymatic reaction provides an intracellular de novo source of dTMP, an essential precursor for DNA biosynthesis	1
lipoprotein localization to outer membrane	1
cog cog1502	1
Allows the formation of correctly charged Gln-tRNA(Gln) through the transamidation of misacylated Glu-tRNA(Gln) in organisms which lack glutaminyl-tRNA synthetase. The reaction takes place in the presence of glutamine and ATP through an activated gamma-phospho-Glu-tRNA(Gln)	1
Malic enzyme	1
Na( ) H( ) antiporter that extrudes sodium in exchange for external protons	1
Aspartate ammonia-lyase	1
formate acetyltransferase	1
Glycosyltransferase, group 4 family	1
Belongs to the protein N5-glutamine methyltransferase family	1
Binds the 23S rRNA	1
Psort location	1
subunit E	1
NDH-1 shuttles electrons from NADH, via FMN and iron- sulfur (Fe-S) centers, to quinones in the respiratory chain	1
NADH-quinone oxidoreductase subunit G	1
NDH-1 shuttles electrons from NADH, via FMN and iron- sulfur (Fe-S) centers, to quinones in the respiratory chain. The immediate electron acceptor for the enzyme in this species is believed to be ubiquinone. Couples the redox reaction to proton translocation (for every two electrons transferred, four hydrogen ions are translocated across the cytoplasmic membrane), and thus conserves the redox energy in a proton gradient. This subunit may bind ubiquinone	1
NDH-1 shuttles electrons from NADH, via FMN and iron- sulfur (Fe-S) centers, to quinones in the respiratory chain. The immediate electron acceptor for the enzyme in this species is believed to be ubiquinone. Couples the redox reaction to proton translocation (for every two electrons transferred, four hydrogen ions are translocated across the cytoplasmic membrane), and thus conserves the redox energy in a proton gradient	1
Belongs to the complex I subunit 6 family	1
NADH-quinone oxidoreductase subunit M	1
Part of the Sec protein translocase complex. Interacts with the SecYEG preprotein conducting channel. Has a central role in coupling the hydrolysis of ATP to the transfer of proteins into and across the cell membrane, serving as an ATP-driven molecular motor driving the stepwise translocation of polypeptide chains across the membrane	1
Exonuclease SbcC	1
SbcCD cleaves DNA hairpin structures. These structures can inhibit DNA replication and are intermediates in certain DNA recombination reactions. The complex acts as a 3'- 5' double strand exonuclease that can open hairpins. It also has a 5' single-strand endonuclease activity	1
SatD family (SatD)	1
Catalyzes the ATP-dependent phosphorylation of L- homoserine to L-homoserine phosphate	1
Catalyzes the transfer of the enolpyruvyl moiety of phosphoenolpyruvate (PEP) to the 5-hydroxyl of shikimate-3- phosphate (S3P) to produce enolpyruvyl shikimate-3-phosphate and inorganic phosphate	1
Converts N-acetylmannosamine-6-phosphate (ManNAc-6-P) to N-acetylglucosamine-6-phosphate (GlcNAc-6-P)	1
Catalyzes the reversible isomerization-deamination of glucosamine 6-phosphate (GlcN6P) to form fructose 6-phosphate (Fru6P) and ammonium ion	1
Belongs to the metallo-dependent hydrolases superfamily. NagA family	1
Belongs to the sigma-70 factor family. ECF subfamily	1
glyoxalase III activity	1
positive regulation of growth	1
Oxoglutarate dehydrogenase (Succinyl-transferring), E1 component	1
Glycerophosphodiester phosphodiesterase family protein	1
Arginyl-tRNA synthetase	1
Activation of pyruvate formate-lyase under anaerobic conditions by generation of an organic free radical, using S- adenosylmethionine and reduced flavodoxin as cosubstrates to produce 5'-deoxy-adenosine	1
pfkB family carbohydrate kinase	1
Methyltransferase required for the conversion of demethylmenaquinol (DMKH2) to menaquinol (MKH2)	1
2-dehydro-3-deoxyphosphogluconate aldolase 4-hydroxy-2-oxoglutarate aldolase	1
Belongs to the AdoMet synthase family	1
Response regulator receiver domain	1
histidine kinase DNA gyrase B	1
Belongs to the bacterial ribosomal protein bL33 family	1
Involved in protein export. Acts as a chaperone by maintaining the newly synthesized protein in an open conformation. Functions as a peptidyl-prolyl cis-trans isomerase	1
ATP-dependent specificity component of the Clp protease. It directs the protease to specific substrates. Can perform chaperone functions in the absence of ClpP	1
Belongs to the inositol monophosphatase superfamily	1
amino acids such as threonine, to avoid such errors, it has a posttransfer editing activity that hydrolyzes mischarged Thr-tRNA(Val) in a tRNA-dependent manner	1
amino acids such as valine, to avoid such errors it has two additional distinct tRNA(Ile)-dependent editing activities. One activity is designated as 'pretransfer' editing and involves the hydrolysis of activated Val-AMP. The other activity is designated 'posttransfer' editing and involves deacylation of mischarged Val-tRNA(Ile)	1
Bifunctional protein FolC	1
Major role in the synthesis of nucleoside triphosphates other than ATP. The ATP gamma phosphate is transferred to the NDP beta phosphate via a ping-pong mechanism, using a phosphorylated active-site intermediate	1
Required for chromosome condensation and partitioning	1
Involved in targeting and insertion of nascent membrane proteins into the cytoplasmic membrane. Acts as a receptor for the complex formed by the signal recognition particle (SRP) and the ribosome-nascent chain (RNC)	1
Involved in targeting and insertion of nascent membrane proteins into the cytoplasmic membrane. Binds to the hydrophobic signal sequence of the ribosome-nascent chain (RNC) as it emerges from the ribosomes. The SRP-RNC complex is then targeted to the cytoplasmic membrane where it interacts with the SRP receptor FtsY	1
Belongs to the cation diffusion facilitator (CDF) transporter (TC 2.A.4) family	1
An accessory protein needed during the final step in the assembly of 30S ribosomal subunit, possibly for assembly of the head region. Probably interacts with S19. Essential for efficient processing of 16S rRNA. May be needed both before and after RbfA during the maturation of 16S rRNA. It has affinity for free ribosomal 30S subunits but not for 70S ribosomes	1
Belongs to the RNA methyltransferase TrmD family	1
This protein is located at the 30S-50S ribosomal subunit interface and may play a role in the structure and function of the aminoacyl-tRNA binding site	1
Belongs to the peptidase S26 family	1
Belongs to the UPF0102 family	1
Mg chelatase-like protein	1
DNA protecting protein DprA	1
Subtilase family	1
T5orf172	1
Eco57I restriction-modification methylase	1
N-6 DNA Methylase	1
4-alpha-glucanotransferase	1
Catalyzes the dehydration of D-mannonate	1
PFAM secretion protein HlyD family protein	1
Belongs to the membrane fusion protein (MFP) (TC 8.A.1) family	1
Belongs to the acetyltransferase family. ArgA subfamily	1
3'-to-5' exoribonuclease specific for small oligoribonucleotides	1
single-stranded DNA binding	1
Alpha amylase catalytic	1
nUDIX hydrolase	1
Addiction module antitoxin, RelB DinJ family	1
Acyl-CoA thioesterase	1
protein-N(PI)-phosphohistidine-sugar phosphotransferase activity	1
Mo-molybdopterin cofactor metabolic process	1
Belongs to the dicarboxylate amino acid cation symporter (DAACS) (TC 2.A.23) family	1
Formate/nitrite transporter	1
Peptidase family M13	1
serine acetyltransferase	1
Belongs to the cysteine synthase cystathionine beta- synthase family	1
Belongs to the bacterial ribosomal protein bL32 family	1
Anchored repeat-type ABC transporter, ATP-binding subunit	1
carbon starvation protein	1
helix_turn_helix, Arsenical Resistance Operon Repressor	1
Deoxynucleoside kinase	1
geranylgeranyl reductase	1
Isochorismate synthase	1
Associates with the EF-Tu.GDP complex and induces the exchange of GDP to GTP. It remains bound to the aminoacyl-tRNA.EF- Tu.GTP complex up to the GTP hydrolysis stage on the ribosome	1
Na+/H+ ion antiporter subunit	1
Choline/ethanolamine kinase	1
Catalyzes the reduction of dTDP-6-deoxy-L-lyxo-4- hexulose to yield dTDP-L-rhamnose	1
dTDP-4-dehydrorhamnose 3,5-epimerase	1
Catalyzes the formation of dTDP-glucose, from dTTP and glucose 1-phosphate, as well as its pyrophosphorolysis	1
sortase family	1
protein transpeptidase domain protein	1
phosphatase	1
Peptidase, S9A B C family, catalytic domain protein	1
Catalyzes the irreversible cleavage of the glycosidic bond in both 5'-methylthioadenosine (MTA) and S- adenosylhomocysteine (SAH AdoHcy) to adenine and the corresponding thioribose, 5'-methylthioribose and S-ribosylhomocysteine, respectively	1
Involved in the synthesis of autoinducer 2 (AI-2) which is secreted by bacteria and is used to communicate both the cell density and the metabolic potential of the environment. The regulation of gene expression in response to changes in cell density is called quorum sensing. Catalyzes the transformation of S-ribosylhomocysteine (RHC) to homocysteine (HC) and 4,5- dihydroxy-2,3-pentadione (DPD)	1
Glutaredoxin	1
Probably involved in ribonucleotide reductase function	1
Belongs to the low molecular weight phosphotyrosine protein phosphatase family	1
ABC transporter, substrate-binding protein, family 3	1
ATP-dependent helicase HrpA	1
phosphoglucomutase, alpha-D-glucose phosphate-specific	1
Copper-exporting ATPase	1
Heavy metal-associated domain protein	1
phosphoribosyltransferase	1
Iron dependent repressor DNA binding domain protein	1
Belongs to the dCTP deaminase family	1
Domain related to MnhB subunit of Na+/H+ antiporter	1
Monovalent cation H antiporter subunit C	1
LICD family	1
Glycosyl transferase family 2	1
Glycosyltransferase, group 2 family protein	1
inosose dehydratase	1
Divergent AAA domain protein	1
Ricin-type beta-trefoil	1
Sulfatase	1
-acetyltransferase	1
Cysteine-rich domain protein	1
Iron-sulfur cluster-binding protein	1
Belongs to the glycosyl hydrolase 5 (cellulase A) family	1
Periplasmic binding proteins and sugar binding domain of LacI family	1
N-acylglucosamine 2-epimerase	1
alcohol dehydrogenase	1
Transaldolase	1
Transport permease protein	1
deoxyribose-phosphate aldolase	1
KduI/IolB family	1
Belongs to the TPP enzyme family	1
methylmalonate-semialdehyde dehydrogenase	1
ABC transporter, substrate-binding protein, family 5	1
ABC transporter, permease protein	1
Participates in the control of copper homeostasis	1
glycerophosphodiester phosphodiesterase	1
Trypsin-like serine protease	1
Belongs to the NAD(P)-dependent epimerase dehydratase family. dTDP-glucose dehydratase subfamily	1
Proton-conducting membrane transporter	1
antiporter activity	1
cog cog0265	1
Na+/H+ antiporter subunit	1
ATPase family associated with various cellular activities (AAA)	1
Belongs to the PEP-utilizing enzyme family	1
GDSL-like Lipase/Acylhydrolase	1
Catalyzes the hydrolysis of inorganic pyrophosphate (PPi) forming two phosphate ions	1
D-alanyl-D-alanine carboxypeptidase	1
Ligates lysine onto the cytidine present at position 34 of the AUA codon-specific tRNA(Ile) that contains the anticodon CAU, in an ATP-dependent manner. Cytidine is converted to lysidine, thus changing the amino acid specificity of the tRNA from methionine to isoleucine	1
Acts as a processive, ATP-dependent zinc metallopeptidase for both cytoplasmic and membrane proteins. Plays a role in the quality control of integral membrane proteins	1
GTP cyclohydrolase 1	1
Catalyzes the condensation of para-aminobenzoate (pABA) with 6-hydroxymethyl-7,8-dihydropterin diphosphate (DHPt-PP) to form 7,8-dihydropteroate (H2Pte), the immediate precursor of folate derivatives	1
Catalyzes the conversion of 7,8-dihydroneopterin to 6- hydroxymethyl-7,8-dihydropterin	1
Catalyzes the condensation of pantoate with beta-alanine in an ATP-dependent reaction via a pantoyl-adenylate intermediate	1
Key enzyme in the regulation of glycerol uptake and metabolism. Catalyzes the phosphorylation of glycerol to yield sn- glycerol 3-phosphate	1
Belongs to the MIP aquaporin (TC 1.A.8) family	1
ATP-binding protein	1
Belongs to the FAD-dependent glycerol-3-phosphate dehydrogenase family	1
sugar-binding domain protein	1
A G-specific adenine glycosylase	1
DNA-dependent ATPase involved in processing of recombination intermediates, plays a role in repairing DNA breaks. Stimulates the branch migration of RecA-mediated strand transfer reactions, allowing the 3' invading strand to extend heteroduplex DNA faster. Binds ssDNA in the presence of ADP but not other nucleotides, has ATPase activity that is stimulated by ssDNA and various branched DNA structures, but inhibited by SSB. Does not have RecA's homology-searching function	1
Trk family potassium (K ) transporter, NAD binding protein	1
Transcriptional regulator, MarR family	1
Belongs to the MenA family. Type 1 subfamily	1
Converts 2-succinyl-6-hydroxy-2,4-cyclohexadiene-1- carboxylate (SHCHC) to 2-succinylbenzoate (OSB)	1
Catalyzes the thiamine diphosphate-dependent decarboxylation of 2-oxoglutarate and the subsequent addition of the resulting succinic semialdehyde-thiamine pyrophosphate anion to isochorismate to yield 2-succinyl-5-enolpyruvyl-6-hydroxy-3- cyclohexene-1-carboxylate (SEPHCHC)	1
rejects L-amino acids rather than detecting D-amino acids in the active site. By recycling D-aminoacyl-tRNA to D-amino acids and free tRNA molecules, this enzyme counteracts the toxicity associated with the formation of D-aminoacyl-tRNA entities in vivo and helps enforce protein L-homochirality	1
phosphate transporter	1
Phosphate transport system permease protein PstA	1
beta-lactamase	1
ABC transporter, substrate-binding protein, thiB family	1
Cupin domain	1
Prolyl oligopeptidase, N-terminal beta-propeller domain	1
Heat shock 70 kDa protein	1
Participates actively in the response to hyperosmotic and heat shock by preventing the aggregation of stress-denatured proteins, in association with DnaK and GrpE. It is the nucleotide exchange factor for DnaK and may function as a thermosensor. Unfolded proteins bind initially to DnaJ	1
DnaJ domain protein	1
protein acetylation	1
PFAM TspO MBR family	1
Part of a stress-induced multi-chaperone system, it is involved in the recovery of the cell from heat-induced damage, in cooperation with DnaK, DnaJ and GrpE	1
Myo-inositol-1-phosphate synthase	1
Catalyzes the transfer of a ribosyl phosphate group from 5-phosphoribose 1-diphosphate to orotate, leading to the formation of orotidine monophosphate (OMP)	1
probably responsible for the translocation of the substrate across the membrane	1
fructose-bisphosphate aldolase	1
Catalyzes the conversion of oxaloacetate (OAA) to phosphoenolpyruvate (PEP), the rate-limiting step in the metabolic pathway that produces glucose from lactate and other precursors derived from the citric acid cycle	1
Belongs to the SAICAR synthetase family	1
Belongs to the Glu Leu Phe Val dehydrogenases family	1
TIGRFAM DNA binding domain protein, excisionase family	1
Integral membrane protein MviN	1
Transporter, small conductance mechanosensitive ion channel MscS family protein	1
Peptide-methionine (R)-S-oxide reductase	1
Endonuclease Exonuclease Phosphatase	1
Part of the ABC transporter complex PstSACB involved in phosphate import	1
Belongs to the universal ribosomal protein uS2 family	1
amino acid	1
Glycosyl transferases group 1	1
Involved in the biosynthesis of porphyrin-containing compound	1
SUF system FeS assembly protein	1
FeS assembly ATPase SufC	1
Rieske 2Fe-2S domain	1
FeS assembly protein SufD	1
assembly protein SufB	1
integral membrane protein MviN	1
May be involved in recombinational repair of damaged DNA	1
Involved in the regulation of the intracellular balance of NAD and NADP, and is a key enzyme in the biosynthesis of NADP. Catalyzes specifically the phosphorylation on 2'-hydroxyl of the adenosine moiety of NAD to yield NADP	1
Ribosomal RNA large subunit methyltransferase J	1
HAD hydrolase, family IIA	1
Catalyzes the attachment of tyrosine to tRNA(Tyr) in a two-step reaction tyrosine is first activated by ATP to form Tyr- AMP and then transferred to the acceptor end of tRNA(Tyr)	1
cog cog0778	1
Regulates arginine biosynthesis genes	1
Belongs to the class-III pyridoxal-phosphate-dependent aminotransferase family	1
Belongs to the phenylalanyl-tRNA synthetase beta subunit family. Type 1 subfamily	1
Belongs to the class-II aminoacyl-tRNA synthetase family. Phe-tRNA synthetase alpha subunit type 1 subfamily	1
Binds directly to 23S ribosomal RNA and is necessary for the in vitro assembly process of the 50S ribosomal subunit. It is not involved in the protein synthesizing functions of that subunit	1
Belongs to the bacterial ribosomal protein bL35 family	1
Involved in DNA repair and RecF pathway recombination	1
CBS domain protein	1
PhoH family	1
Specifically methylates the N3 position of the uracil ring of uridine 1498 (m3U1498) in 16S rRNA. Acts on the fully assembled 30S ribosomal subunit	1
ATP binding to DnaK triggers the release of the substrate protein, thus completing the reaction cycle. Several rounds of ATP-dependent interactions between DnaJ, DnaK and GrpE are required for fully efficient folding. Also involved, together with DnaK and GrpE, in the DNA replication of plasmids through activation of initiation proteins	1
Catalyzes the synthesis of ADP-glucose, a sugar donor used in elongation reactions on alpha-glucans	1
Glycogen synthase, Corynebacterium family	1
Nodulation efficiency protein D	1
Ribosomal protein S1	1
Participates in chromosomal partition during cell division. May act via the formation of a condensin-like complex containing Smc and ScpA that pull DNA away from mid-cell into both cell halves	1
Participates in chromosomal partition during cell division. May act via the formation of a condensin-like complex containing Smc and ScpB that pull DNA away from mid-cell into both cell halves	1
Preprotein translocase SecG subunit	1
Involved in the gluconeogenesis. Catalyzes stereospecifically the conversion of dihydroxyacetone phosphate (DHAP) to D-glyceraldehyde-3-phosphate (G3P)	1
Belongs to the phosphoglycerate kinase family	1
Belongs to the glyceraldehyde-3-phosphate dehydrogenase family	1
May be required for sporulation	1
Integral membrane protein, TerC family	1
damaged site, the DNA wraps around one UvrB monomer. DNA wrap is dependent on ATP binding by UvrB and probably causes local melting of the DNA helix, facilitating insertion of UvrB beta-hairpin between the DNA strands. Then UvrB probes one DNA strand for the presence of a lesion. If a lesion is found the UvrA subunits dissociate and the UvrB-DNA preincision complex is formed. This complex is subsequently bound by UvrC and the second UvrB is released. If no lesion is found, the DNA wraps around the other UvrB subunit that will check the other stand for damage	1
Catalyzes the phosphorylation of the 3'-hydroxyl group of dephosphocoenzyme A to form coenzyme A	1
Putative S-adenosyl-L-methionine-dependent methyltransferase	1
Belongs to the class IV-like SAM-binding methyltransferase superfamily. RNA methyltransferase TrmH family. TrmL subfamily	1
Thioesterase superfamily	1
Pyruvate kinase	1
Transfers the N-acyl diglyceride group on what will become the N-terminal cysteine of membrane lipoproteins	1
AAA ATPase forming ring-shaped complexes	1
Catalyzes the S-adenosyl-L-methionine-dependent formation of N(1)-methyladenine at position 58 (m1A58) in tRNA	1
RecB family exonuclease	1
Catalyzes the dephosphorylation of undecaprenyl diphosphate (UPP). Confers resistance to bacitracin	1
Oxidoreductase, aldo keto reductase family protein	1
shikimate dehydrogenase	1
Phosphoribosyl-ATP pyrophosphohydrolase	1
it is required for DNA replication and normal SOS inducibility. RecF binds preferentially to single-stranded, linear DNA. It also seems to bind ATP	1
Catalyzes the formation of N(7)-methylguanine at position 46 (m7G46) in tRNA	1
belongs to the cytidylate kinase family. Type 1 subfamily	1
Required for accurate and efficient protein synthesis under certain stress conditions. May act as a fidelity factor of the translation reaction, by catalyzing a one-codon backward translocation of tRNAs on improperly translocated ribosomes. Back- translocation proceeds from a post-translocation (POST) complex to a pre-translocation (PRE) complex, thus giving elongation factor G a second chance to translocate the tRNAs correctly. Binds to ribosomes in a GTP-dependent manner	1
Transcriptional regulator, AbiEi antitoxin	1
Methyltransferase domain protein	1
Belongs to the phosphoglycerate mutase family	1
Functions as a ribosomal silencing factor. Interacts with ribosomal protein L14 (rplN), blocking formation of intersubunit bridge B8. Prevents association of the 30S and 50S ribosomal subunits and the formation of functional ribosomes, thus repressing translation	1
Catalyzes the reversible adenylation of nicotinate mononucleotide (NaMN) to nicotinic acid adenine dinucleotide (NaAD)	1
Belongs to the thioredoxin family	1
COG2141 Coenzyme F420-dependent N5,N10-methylene tetrahydromethanopterin reductase and related flavin-dependent oxidoreductases	1
Belongs to the bacterial ribosomal protein bL27 family	1
This protein binds to 23S rRNA in the presence of protein L20	1
ubiquinol oxidase subunit I	1
cytochrome D ubiquinol oxidase subunit II	1
Thiol reductant ABC exporter, CydD subunit	1
thiol reductant ABC exporter, CydC subunit	1
GAF domain protein	1
Involved in base excision repair of DNA damaged by oxidation or by mutagenic agents. Acts as DNA glycosylase that recognizes and removes damaged bases. Has a preference for oxidized purines, such as 7,8-dihydro-8-oxoguanine (8-oxoG). Has AP (apurinic apyrimidinic) lyase activity and introduces nicks in the DNA strand. Cleaves the DNA backbone by beta-delta elimination to generate a single-strand break at the site of the removed base with both 3'- and 5'-phosphates	1
Digests double-stranded RNA. Involved in the processing of primary rRNA transcript to yield the immediate precursors to the large and small rRNAs (23S and 16S). Processes some mRNAs, and tRNAs when they are encoded in the rRNA operon. Processes pre- crRNA and tracrRNA of type II CRISPR loci if present in the organism	1
Reversibly transfers an adenylyl group from ATP to 4'- phosphopantetheine, yielding dephospho-CoA (dPCoA) and pyrophosphate	1
RNA methyltransferase, RsmD family	1
DNA helicase RecG	1
Catalyzes the ATP-dependent phosphorylation of thiamine- monophosphate (TMP) to form thiamine-pyrophosphate (TPP), the active form of vitamin B1	1
Belongs to the D-alanine--D-alanine ligase family	1
Cell wall formation. Adds enolpyruvyl to UDP-N- acetylglucosamine	1
Transcriptional regulator, IclR family	1
EcoEI R protein C-terminal	1
Type I restriction modification DNA specificity domain	1
Ribosomal protein L31	1
Tripartite ATP-independent periplasmic transporter, DctM component	1
PemK-like, MazF-like toxin of type II toxin-antitoxin system	1
Binds directly to 16S ribosomal RNA	1
NADP transhydrogenase subunit alpha	1
DNA polymerase III, delta' subunit	1
ComEA protein	1
histidine triad	1
purine-nucleoside phosphorylase	1
Part of the ABC transporter complex MetNIQ involved in methionine import. Responsible for energy coupling to the transport system	1
Belongs to the nlpA lipoprotein family	1
Belongs to the sodium solute symporter (SSF) (TC 2.A.21) family	1
Tripartite ATP-independent periplasmic transporters, DctQ component	1
Na+/H+ antiporter family	1
Bacterial extracellular solute-binding protein, family 7	1
Removes 5-oxoproline from various penultimate amino acid residues except L-proline	1
Belongs to the peptidase S8 family	1
Alpha/beta hydrolase family	1
Belongs to the ATCase OTCase family	1
orotate phosphoribosyltransferase activity	1
Catalyzes the decarboxylation of orotidine 5'- monophosphate (OMP) to uridine 5'-monophosphate (UMP)	1
Catalyzes the conversion of dihydroorotate to orotate with quinone as electron acceptor	1
electron transfer subunit	1
Carbamoyl-phosphate synthetase ammonia chain	1
Belongs to the pseudouridine synthase RsuA family	1
aminopeptidase	1
S4 domain protein	1
Catalyzes the reversible reaction in which hydroxymethyl group from 5,10-methylenetetrahydrofolate is transferred onto alpha-ketoisovalerate to form ketopantoate	1
Essential cell division protein. May link together the upstream cell division proteins, which are predominantly cytoplasmic, with the downstream cell division proteins, which are predominantly periplasmic	1
Catalyzes the addition of an amino acid to the nucleotide precursor UDP-N-acetylmuramoyl-L-alanyl-D-glutamate (UMAG) in the biosynthesis of bacterial cell-wall peptidoglycan	1
Cell wall formation. Catalyzes the addition of glutamate to the nucleotide precursor UDP-N-acetylmuramoyl-L-alanine (UMA)	1
Cell wall formation. Catalyzes the transfer of a GlcNAc subunit on undecaprenyl-pyrophosphoryl-MurNAc-pentapeptide (lipid intermediate I) to form undecaprenyl-pyrophosphoryl-MurNAc- (pentapeptide)GlcNAc (lipid intermediate II)	1
Belongs to the MurCDEF family	1
Cell division protein FtsQ	1
Essential cell division protein that forms a contractile ring structure (Z ring) at the future cell division site. The regulation of the ring assembly controls the timing and the location of cell division. One of the functions of the FtsZ ring is to recruit other cell division proteins to the septum to produce a new cell wall between the dividing cells. Binds GTP and shows GTPase activity	1
Cell division protein that is part of the divisome complex and is recruited early to the Z-ring. Probably stimulates Z-ring formation, perhaps through the cross-linking of FtsZ protofilaments. Its function overlaps with FtsA	1
DivIVA domain protein	1
Responsible for synthesis of pseudouridine from uracil	1
DNA-directed DNA polymerase	1
Belongs to the Fur family	1
ABC 3 transport family protein	1
Catalyzes the attachment of glycine to tRNA(Gly)	1
TIM-barrel protein, nifR3 family	1
Deoxyguanosinetriphosphate triphosphohydrolase-like protein	1
ABC-type sugar transport system periplasmic component	1
cog cog1129	1
methylgalactoside transmembrane transporter activity	1
Catalyzes the ATP-dependent transfer of a sulfur to tRNA to produce 4-thiouridine in position 8 of tRNAs, which functions as a near-UV photosensor. Also catalyzes the transfer of sulfur to the sulfur carrier protein ThiS, forming ThiS-thiocarboxylate. This is a step in the synthesis of thiazole, in the thiamine biosynthesis pathway. The sulfur is donated as persulfide by IscS	1
phosphatidylcholine synthase	1
Component of the pyruvate dehydrogenase (PDH) complex, that catalyzes the overall conversion of pyruvate to acetyl-CoA and CO(2)	1
cog cog1940	1
Specifically methylates the N4 position of cytidine in position 1402 (C1402) of 16S rRNA	1
Belongs to the MraZ family	1
Poorly processive, error-prone DNA polymerase involved in untargeted mutagenesis. Copies undamaged DNA at stalled replication forks, which arise in vivo from mismatched or misaligned primer ends. These misaligned primers can be extended by PolIV. Exhibits no 3'-5' exonuclease (proofreading) activity. May be involved in translesional synthesis, in conjunction with the beta clamp from PolIII	1
Belongs to the ribF family	1
Catalyzes the reversible phosphorylation of UMP to UDP	1
Responsible for the release of ribosomes from messenger RNA at the termination of protein biosynthesis. May increase the efficiency of translation by recycling ribosomes from one round of translation to another	1
Specifically methylates position 2 of adenine 2503 in 23S rRNA and position 2 of adenine 37 in tRNAs	1
DivIVA domain repeat protein	1
Catalyzes the NADP-dependent rearrangement and reduction of 1-deoxy-D-xylulose-5-phosphate (DXP) to 2-C-methyl-D-erythritol 4-phosphate (MEP)	1
RIP metalloprotease RseP	1
Catalyzes the attachment of proline to tRNA(Pro) in a two-step reaction proline is first activated by ATP to form Pro- AMP and then transferred to the acceptor end of tRNA(Pro). As ProRS can inadvertently accommodate and process non-cognate amino acids such as alanine and cysteine, to avoid such errors it has two additional distinct editing activities against alanine. One activity is designated as 'pretransfer' editing and involves the tRNA(Pro)-independent hydrolysis of activated Ala-AMP. The other activity is designated 'posttransfer' editing and involves deacylation of mischarged Ala-tRNA(Pro). The misacylated Cys- tRNA(Pro) is not edited by ProRS	1
Participates in both transcription termination and antitermination	1
One of the essential components for the initiation of protein synthesis. Protects formylmethionyl-tRNA from spontaneous hydrolysis and promotes its binding to the 30S ribosomal subunits. Also involved in the hydrolysis of GTP during the formation of the 70S ribosomal complex	1
One of several proteins that assist in the late maturation steps of the functional core of the 30S ribosomal subunit. Associates with free 30S ribosomal subunits (but not with 30S subunits that are part of 70S ribosomes or polysomes). Required for efficient processing of 16S rRNA. May interact with the 5'-terminal helix region of 16S rRNA	1
Htaa	1
ATP-dependent DNA helicase DinG	1
Forms an intersubunit bridge (bridge B4) with the 23S rRNA of the 50S subunit in the ribosome	1
MFS_1 like family	1
phosphinothricin N-acetyltransferase activity	1
An RNase that has 5'-3' exonuclease and possibly endonuclease activity. Involved in maturation of rRNA and in some organisms also mRNA maturation and or decay	1
the ABC transporter	1
transporter, permease	1
Dehydrogenase	1
Can catalyze the hydrolysis of ATP in the presence of single-stranded DNA, the ATP-dependent uptake of single-stranded DNA by duplex DNA, and the ATP-dependent hybridization of homologous single-stranded DNAs. It interacts with LexA causing its activation and leading to its autocatalytic cleavage	1
Catalyzes the methylthiolation of N6- (dimethylallyl)adenosine (i(6)A), leading to the formation of 2- methylthio-N6-(dimethylallyl)adenosine (ms(2)i(6)A) at position 37 in tRNAs that read codons beginning with uridine	1
Methyltransferase small domain protein	1
Methionine aminopeptidase	1
Involved in the regulation of glutamine synthetase GlnA, a key enzyme in the process to assimilate ammonia. When cellular nitrogen levels are high, the C-terminal adenylyl transferase (AT) inactivates GlnA by covalent transfer of an adenylyl group from ATP to specific tyrosine residue of GlnA, thus reducing its activity. Conversely, when nitrogen levels are low, the N-terminal adenylyl removase (AR) activates GlnA by removing the adenylyl group by phosphorolysis, increasing its activity. The regulatory region of GlnE binds the signal transduction protein PII (GlnB) which indicates the nitrogen status of the cell	1
MerR family transcriptional regulator	1
Major Facilitator	1
ATPase, AAA	1
One of the primary rRNA binding proteins, it binds directly to 16S rRNA where it nucleates assembly of the body of the 30S subunit	1
Catalyzes the attachment of alanine to tRNA(Ala) in a two-step reaction alanine is first activated by ATP to form Ala- AMP and then transferred to the acceptor end of tRNA(Ala). Also edits incorrectly charged Ser-tRNA(Ala) and Gly-tRNA(Ala) via its editing domain	1
Could be a nuclease involved in processing of the 5'-end of pre-16S rRNA	1
shikimate 3-dehydrogenase (NADP+) activity	1
aspartic-type endopeptidase activity	1
Catalyzes the conversion of 3-deoxy-D-arabino- heptulosonate 7-phosphate (DAHP) to dehydroquinate (DHQ)	1
shikimate kinase activity	1
Involved in peptide bond synthesis. Stimulates efficient translation and peptide-bond synthesis on native or reconstituted 70S ribosomes in vitro. Probably functions indirectly by altering the affinity of the ribosome for aminoacyl-tRNA, thus increasing their reactivity as acceptors for peptidyl transferase	1
Involved in transcription antitermination. Required for transcription of ribosomal RNA (rRNA) genes. Binds specifically to the boxA antiterminator sequence of the ribosomal RNA (rrn) operons	1
integration host factor	1
Essential for recycling GMP and indirectly, cGMP	1
Promotes RNA polymerase assembly. Latches the N- and C- terminal regions of the beta' subunit thereby facilitating its interaction with the beta and alpha subunits	1
Catalyzes two steps in the biosynthesis of coenzyme A. In the first step cysteine is conjugated to 4'-phosphopantothenate to form 4-phosphopantothenoylcysteine, in the latter compound is decarboxylated to form 4'-phosphopantotheine	1
Catalyzes the formation of S-adenosylmethionine (AdoMet) from methionine and ATP. The overall synthetic reaction is composed of two sequential steps, AdoMet formation and the subsequent tripolyphosphate hydrolysis which occurs prior to release of AdoMet from the enzyme	1
Involved in the restart of stalled replication forks. Recognizes and binds the arrested nascent DNA chain at stalled replication forks. It can open the DNA duplex, via its helicase activity, and promote assembly of the primosome and loading of the major replicative helicase DnaB onto DNA	1
Attaches a formyl group to the free amino group of methionyl-tRNA(fMet). The formyl group appears to play a dual role in the initiator identity of N-formylmethionyl-tRNA by promoting its recognition by IF2 and preventing the misappropriation of this tRNA by the elongation apparatus	1
Belongs to the class I-like SAM-binding methyltransferase superfamily. RsmB NOP family	1
Belongs to the ribulose-phosphate 3-epimerase family	1
NMT1 THI5-like protein	1
regulation of single-species biofilm formation	1
WYL domain	1
Binds to RNA polymerase (RNAP), stimulating transcription from principal, but not alternative sigma factor promoters	1
Histidine--tRNA ligase	1
In eubacteria ppGpp (guanosine 3'-diphosphate 5-' diphosphate) is a mediator of the stringent response that coordinates a variety of cellular activities in response to changes in nutritional abundance	1
Catalyzes a salvage reaction resulting in the formation of AMP, that is energically less costly than de novo synthesis	1
PFAM Integrase core domain	1
Dihydrolipoamide acetyltransferase component of pyruvate dehydrogenase complex	1
Dihydrolipoyl dehydrogenase	1
Destroys radicals which are normally produced within the cells and which are toxic to biological systems	1
GIY-YIG catalytic domain protein	1
Catalyzes the phosphorylation of D-fructose 6-phosphate, the first committing step of glycolysis. Uses inorganic phosphate (PPi) as phosphoryl donor instead of ATP like common ATP-dependent phosphofructokinases (ATP-PFKs), which renders the reaction reversible, and can thus function both in glycolysis and gluconeogenesis. Consistently, PPi-PFK can replace the enzymes of both the forward (ATP-PFK) and reverse (fructose-bisphosphatase (FBPase)) reactions	1
Belongs to the class-II DAHP synthase family	1
exonuclease, DNA polymerase III, epsilon subunit family	1
Acetyltransferase (GNAT) family	1
thymidine kinase	1
PFAM transposase IS3 IS911 family protein	1
Catalyzes the conversion of N5-carboxyaminoimidazole ribonucleotide (N5-CAIR) to 4-carboxy-5-aminoimidazole ribonucleotide (CAIR)	1
Preprotein translocase subunit	1
Catalyzes the isomerization of citrate to isocitrate via cis-aconitate	1
Catalyzes the acyloin condensation reaction between C atoms 2 and 3 of pyruvate and glyceraldehyde 3-phosphate to yield 1-deoxy-D-xylulose-5-phosphate (DXP)	1
Ribonuclease D	1
Ferrous iron transport protein B	1
L-serine ammonia-lyase	1
Lipid A biosynthesis	1
Transcriptional regulatory protein	1
Nuclease that resolves Holliday junction intermediates in genetic recombination. Cleaves the cruciform structure in supercoiled DNA by nicking to strands with the same polarity at sites symmetrically opposed at the junction in the homologous arms and leaves a 5'-terminal phosphate and a 3'-terminal hydroxyl group	1
The RuvA-RuvB complex in the presence of ATP renatures cruciform structure in supercoiled DNA with palindromic sequence, indicating that it may promote strand exchange reactions in homologous recombination. RuvAB is a helicase that mediates the Holliday junction migration by localized denaturation and reannealing. RuvA stimulates, in the presence of DNA, the weak ATPase activity of RuvB	1
The RuvA-RuvB complex in the presence of ATP renatures cruciform structure in supercoiled DNA with palindromic sequence, indicating that it may promote strand exchange reactions in homologous recombination. RuvAB is a helicase that mediates the Holliday junction migration by localized denaturation and reannealing	1
Psort location Cytoplasmic, score 7.50	1
